Kode,Industri,Market Cap
AKSI,Transportation & Logistic,279360012288.0
ASSA,Transportation & Logistic,4244808138752.0
BIRD,Transportation & Logistic,4316122316800.0
BLTA,Transportation & Logistic,1088184713216.0
CMPP,Transportation & Logistic,972346359808.0
GIAA,Transportation & Logistic,8233270902784.0
IMJS,Transportation & Logistic,2278345146368.0
LRNA,Transportation & Logistic,83300007936.0
MIRA,Transportation & Logistic,122805010432.0
MITI,Transportation & Logistic,1260176932864.0
NELY,Transportation & Logistic,958800068608.0
SAFE,Transportation & Logistic,315343667200.0
SDMU,Transportation & Logistic,261080170496.0
SMDR,Transportation & Logistic,6517488615424.0
TAXI,Transportation & Logistic,224920223744.0
TMAS,Transportation & Logistic,7961639911424.0
WEHA,Transportation & Logistic,217622675456.0
HELI,Transportation & Logistic,174901100544.0
TRUK,Transportation & Logistic,132507688960.0
TNCA,Transportation & Logistic,93604077568.0
BPTR,Transportation & Logistic,293321998336.0
SAPX,Transportation & Logistic,243333332992.0
DEAL,Transportation & Logistic,6877026304.0
JAYA,Transportation & Logistic,98215428096.0
KJEN,Transportation & Logistic,79000002560.0
PURA,Transportation & Logistic,245775302656.0
PPGL,Transportation & Logistic,166574456832.0
TRJA,Transportation & Logistic,244652408832.0
HAIS,Transportation & Logistic,572522496000.0
HATM,Transportation & Logistic,2933839888384.0
RCCC,Transportation & Logistic,111037505536.0
ELPI,Transportation & Logistic,12674519793664.0
LAJU,Transportation & Logistic,202094641152.0
GTRA,Transportation & Logistic,621355008000.0
MPXL,Transportation & Logistic,310002286592.0
KLAS,Transportation & Logistic,331641847808.0
LOPI,Transportation & Logistic,165001691136.0
BLOG,Transportation & Logistic,1392348758016.0
ADMG,Basic Materials,871176208384.0
AGII,Basic Materials,6746652278784.0
AKPI,Basic Materials,330613915648.0
ALDO,Basic Materials,1416584888320.0
ALKA,Basic Materials,213161476096.0
ALMI,Basic Materials,282384007168.0
ANTM,Basic Materials,99006755635200.0
APLI,Basic Materials,490561699840.0
BAJA,Basic Materials,266400006144.0
BMSR,Basic Materials,391809597440.0
BRMS,Basic Materials,151708915204096.0
BRNA,Basic Materials,704959217664.0
BRPT,Basic Materials,206149773164544.0
BTON,Basic Materials,280800002048.0
CITA,Basic Materials,17782022340608.0
CLPI,Basic Materials,473292963840.0
CTBN,Basic Materials,4862256873472.0
DKFT,Basic Materials,4769165344768.0
DPNS,Basic Materials,102650281984.0
EKAD,Basic Materials,649860743168.0
ESSA,Basic Materials,10680724881408.0
ETWA,Basic Materials,326806994944.0
FASW,Basic Materials,17555842400256.0
FPNI,Basic Materials,3701665169408.0
GDST,Basic Materials,1072130031616.0
IGAR,Basic Materials,468529217536.0
INAI,Basic Materials,136857600000.0
INCI,Basic Materials,157819027456.0
INCO,Basic Materials,74832465100800.0
INKP,Basic Materials,52247891279872.0
INRU,Basic Materials,819441172480.0
INTD,Basic Materials,173997424640.0
INTP,Basic Materials,24169769074688.0
IPOL,Basic Materials,824752603136.0
ISSP,Basic Materials,3377232871424.0
KBRI,Basic Materials,434400002048.0
KDSI,Basic Materials,725760016384.0
KRAS,Basic Materials,7312938369024.0
LMSH,Basic Materials,24576000000.0
LTLS,Basic Materials,1208368234496.0
MDKA,Basic Materials,77887067652096.0
NIKL,Basic Materials,989153198080.0
OKAS,Basic Materials,320415629312.0
PICO,Basic Materials,96623747072.0
PSAB,Basic Materials,14685300588544.0
SIMA,Basic Materials,22129500160.0
SMBR,Basic Materials,2959895429120.0
SMCB,Basic Materials,6990021001216.0
SMGR,Basic Materials,21604929110016.0
SPMA,Basic Materials,959474302976.0
SQMI,Basic Materials,668116451328.0
SRSN,Basic Materials,361199992832.0
SULI,Basic Materials,796417851392.0
TALF,Basic Materials,839129694208.0
TBMS,Basic Materials,1068959399936.0
TINS,Basic Materials,31206085230592.0
TIRT,Basic Materials,627300302848.0
TKIM,Basic Materials,22726532136960.0
TPIA,Basic Materials,624990756012032.0
TRST,Basic Materials,1308527951872.0
UNIC,Basic Materials,4743725318144.0
WTON,Basic Materials,854115745792.0
YPAS,Basic Materials,454240043008.0
INCF,Basic Materials,107877785600.0
WSBP,Basic Materials,1208574279680.0
KMTR,Basic Materials,2283871666176.0
MDKI,Basic Materials,521210888192.0
ZINC,Basic Materials,984750030848.0
PBID,Basic Materials,3645000122368.0
TDPM,Basic Materials,1247726796800.0
SWAT,Basic Materials,48307200000.0
MOLI,Basic Materials,719145664512.0
HKMU,Basic Materials,161087504384.0
KAYU,Basic Materials,11969999872.0
SMKL,Basic Materials,601582993408.0
GGRP,Basic Materials,3875640442880.0
OPMS,Basic Materials,118640795648.0
PURE,Basic Materials,70134177792.0
ESIP,Basic Materials,91016208384.0
IFSH,Basic Materials,3413586739200.0
IFII,Basic Materials,2371823861760.0
SAMF,Basic Materials,3259500068864.0
EPAC,Basic Materials,148652998656.0
BEBS,Basic Materials,224999997440.0
NPGF,Basic Materials,233296969728.0
ARCI,Basic Materials,44161248002048.0
NICL,Basic Materials,12603239694336.0
SBMA,Basic Materials,128329826304.0
CMNT,Basic Materials,13357893550080.0
OBMD,Basic Materials,228901994496.0
AVIA,Basic Materials,27078135119872.0
CHEM,Basic Materials,185303564288.0
KKES,Basic Materials,55500001280.0
PDPP,Basic Materials,942893170688.0
FWCT,Basic Materials,272857006080.0
PACK,Basic Materials,1638222135296.0
AMMN,Basic Materials,563829079539712.0
PPRI,Basic Materials,303157706752.0
SMGA,Basic Materials,997499994112.0
SOLA,Basic Materials,447083020288.0
BATR,Basic Materials,314603864064.0
BLES,Basic Materials,1342421073920.0
PTMR,Basic Materials,713217998848.0
DAAZ,Basic Materials,6869679603712.0
DGWG,Basic Materials,2752941391872.0
MINE,Basic Materials,1829826985984.0
ASPR,Basic Materials,382392008704.0
EMAS,Basic Materials,107170691547136.0
AYLS,Basic Materials,245785886720.0
NCKL,Basic Materials,92993407156224.0
MBMA,Basic Materials,79376632774656.0
NICE,Basic Materials,2262511386624.0
SMLE,Basic Materials,388801560576.0
APLN,Properties & Real Estate,3654591709184.0
ASRI,Properties & Real Estate,3301101010944.0
BAPA,Properties & Real Estate,60222390272.0
BCIP,Properties & Real Estate,104383832064.0
BEST,Properties & Real Estate,1148030025728.0
BIKA,Properties & Real Estate,32575399936.0
BIPP,Properties & Real Estate,412350906368.0
BKDP,Properties & Real Estate,450839543808.0
BKSL,Properties & Real Estate,25324043632640.0
BSDE,Properties & Real Estate,18926622736384.0
COWL,Properties & Real Estate,243560497152.0
CTRA,Properties & Real Estate,15569983111168.0
DART,Properties & Real Estate,549743394816.0
DILD,Properties & Real Estate,1565243867136.0
DMAS,Properties & Real Estate,6603141021696.0
DUTI,Properties & Real Estate,7455500140544.0
ELTY,Properties & Real Estate,2002008014848.0
EMDE,Properties & Real Estate,311550017536.0
FMII,Properties & Real Estate,1715200065536.0
GAMA,Properties & Real Estate,180198490112.0
GMTD,Properties & Real Estate,2315066277888.0
GPRA,Properties & Real Estate,504645320704.0
INPP,Properties & Real Estate,9113307185152.0
JRPT,Properties & Real Estate,13893051088896.0
KIJA,Properties & Real Estate,4649333555200.0
LCGP,Properties & Real Estate,641820000256.0
LPCK,Properties & Real Estate,4287462637568.0
LPKR,Properties & Real Estate,7087731507200.0
LPLI,Properties & Real Estate,395606261760.0
MDLN,Properties & Real Estate,740733616128.0
MKPI,Properties & Real Estate,22804065943552.0
MMLP,Properties & Real Estate,3389454286848.0
MTLA,Properties & Real Estate,4554800234496.0
MTSM,Properties & Real Estate,116423999488.0
NIRO,Properties & Real Estate,4972547145728.0
OMRE,Properties & Real Estate,1914387038208.0
PLIN,Properties & Real Estate,8874741465088.0
PPRO,Properties & Real Estate,1295189147648.0
PUDP,Properties & Real Estate,282103349248.0
PWON,Properties & Real Estate,17915371847680.0
RBMS,Properties & Real Estate,130154422272.0
RDTX,Properties & Real Estate,4072320008192.0
RIMO,Properties & Real Estate,2202480148480.0
RODA,Properties & Real Estate,747567054848.0
SMDM,Properties & Real Estate,3364357406720.0
SMRA,Properties & Real Estate,6537393209344.0
TARA,Properties & Real Estate,342367928320.0
CSIS,Properties & Real Estate,483067166720.0
ARMY,Properties & Real Estate,450312503296.0
NASA,Properties & Real Estate,451202088960.0
RISE,Properties & Real Estate,60744750071808.0
POLL,Properties & Real Estate,931708207104.0
LAND,Properties & Real Estate,187105542144.0
PANI,Properties & Real Estate,195663878946816.0
CITY,Properties & Real Estate,1243193540608.0
MPRO,Properties & Real Estate,109367500210176.0
SATU,Properties & Real Estate,371250003968.0
URBN,Properties & Real Estate,567766876160.0
POLI,Properties & Real Estate,2342263455744.0
CPRI,Properties & Real Estate,121668993024.0
POSA,Properties & Real Estate,419443507200.0
PAMG,Properties & Real Estate,199999995904.0
BAPI,Properties & Real Estate,201311289344.0
NZIA,Properties & Real Estate,681237610496.0
REAL,Properties & Real Estate,411283849216.0
INDO,Properties & Real Estate,1236684767232.0
TRIN,Properties & Real Estate,4665244123136.0
KBAG,Properties & Real Estate,378950156288.0
BBSS,Properties & Real Estate,1267204227072.0
UANG,Properties & Real Estate,4961000226816.0
PURI,Properties & Real Estate,216000004096.0
HOMI,Properties & Real Estate,485100027904.0
ROCK,Properties & Real Estate,3473147953152.0
ATAP,Properties & Real Estate,843749982208.0
ADCP,Properties & Real Estate,1266666569728.0
TRUE,Properties & Real Estate,1862492487680.0
IPAC,Properties & Real Estate,163377381376.0
WINR,Properties & Real Estate,235589222400.0
BSBK,Properties & Real Estate,1706248110080.0
CBPE,Properties & Real Estate,425862496256.0
VAST,Properties & Real Estate,470582296576.0
SAGE,Properties & Real Estate,289206992896.0
RELF,Properties & Real Estate,252024619008.0
HBAT,Properties & Real Estate,470414852096.0
GRIA,Properties & Real Estate,914589351936.0
MSIE,Properties & Real Estate,68620365824.0
KOCI,Properties & Real Estate,747948867584.0
KSIX,Properties & Real Estate,761068126208.0
CBDK,Properties & Real Estate,36139519967232.0
DADA,Properties & Real Estate,371576537088.0
ASPI,Properties & Real Estate,292670996480.0
AMAN,Properties & Real Estate,1200784932864.0
ABDA,Financials,1384398848000.0
ADMF,Financials,10237663772672.0
AGRO,Financials,5343946473472.0
AGRS,Financials,3685557731328.0
AHAP,Financials,641899954176.0
AMAG,Financials,2119350091776.0
APIC,Financials,15766860595200.0
ARTO,Financials,23702875930624.0
ASBI,Financials,148412628992.0
ASDM,Financials,253440000000.0
ASJT,Financials,285599989760.0
ASMI,Financials,295626539008.0
ASRM,Financials,383397625856.0
BABP,Financials,2578621661184.0
BACA,Financials,3252343013376.0
BBCA,Financials,901070448492544.0
BBHI,Financials,30096406609920.0
BBKP,Financials,13903677358080.0
BBLD,Financials,1522361434112.0
BBMD,Financials,8138831953920.0
BBNI,Financials,168028163538944.0
BBRI,Financials,574408590622720.0
BBTN,Financials,19086845149184.0
BBYB,Financials,5019781300224.0
BCAP,Financials,2258799165440.0
BCIC,Financials,2825147645952.0
BDMN,Financials,25606708264960.0
BEKS,Financials,1607983562752.0
BFIN,Financials,10602765352960.0
BGTG,Financials,3331968466944.0
BINA,Financials,28771820240896.0
BJBR,Financials,8680190771200.0
BJTM,Financials,8708988862464.0
BKSW,Financials,2250115121152.0
BMAS,Financials,9051331100672.0
BMRI,Financials,473666643034112.0
BNBA,Financials,2998380003328.0
BNGA,Financials,47536496705536.0
BNII,Financials,16767343656960.0
BNLI,Financials,150876060647424.0
BPFI,Financials,759414652928.0
BPII,Financials,5485705035776.0
BSIM,Financials,21983519571968.0
BSWD,Financials,3873310244864.0
BTPN,Financials,22462945296384.0
BVIC,Financials,2334114185216.0
CFIN,Financials,1298953666560.0
DEFI,Financials,112892002304.0
DNAR,Financials,2692224385024.0
DNET,Financials,128719792373760.0
GSMF,Financials,1650726404096.0
HDFA,Financials,804720803840.0
INPC,Financials,4044682428416.0
LPGI,Financials,1799999979520.0
LPPS,Financials,248472010752.0
MAYA,Financials,5809264132096.0
MCOR,Financials,2919819378688.0
MEGA,Financials,39214682996736.0
MREI,Financials,592871489536.0
NISP,Financials,35450483900416.0
NOBU,Financials,3963575336960.0
OCAP,Financials,43438800896.0
PADI,Financials,1447327563776.0
PALM,Financials,5978492239872.0
PANS,Financials,1127614644224.0
PEGE,Financials,617684926464.0
PLAS,Financials,59209998336.0
PNBN,Financials,25389390888960.0
PNBS,Financials,2057123004416.0
PNIN,Financials,3295342231552.0
PNLF,Financials,8966180438016.0
POOL,Financials,117068505088.0
RELI,Financials,917999976448.0
SDRA,Financials,4055044456448.0
SMMA,Financials,88032963198976.0
SRTG,Financials,23441212178432.0
STAR,Financials,3264000294912.0
TIFA,Financials,1378258649088.0
TRIM,Financials,4230033702912.0
TRUS,Financials,347199995904.0
VICO,Financials,2891244371968.0
VINS,Financials,304472424448.0
VRNA,Financials,489112436736.0
WOMF,Financials,1134962933760.0
YULE,Financials,5269792227328.0
CASA,Financials,75177253666816.0
BRIS,Financials,109787635253248.0
MTWI,Financials,1011872366592.0
JMAS,Financials,222000005120.0
NICK,Financials,784635789312.0
BTPS,Financials,9359699476480.0
TUGU,Financials,4782248951808.0
POLA,Financials,298245718016.0
SFAN,Financials,2631472513024.0
LIFE,Financials,17009999872000.0
FUJI,Financials,639599968256.0
AMAR,Financials,3818898849792.0
AMOR,Financials,780899844096.0
BHAT,Financials,6999999774720.0
BBSI,Financials,15360343408640.0
BANK,Financials,9097802940416.0
MASB,Financials,4346233225216.0
VTNY,Financials,538806648832.0
YOII,Financials,345893437440.0
COIN,Financials,27726243168256.0
ACST,Infrastructures,2350796242944.0
ADHI,Infrastructures,2017826177024.0
BALI,Infrastructures,5429737816064.0
BTEL,Infrastructures,1833194881024.0
BUKK,Infrastructures,4185116639232.0
CASS,Infrastructures,5050419118080.0
CENT,Infrastructures,3960300109824.0
CMNP,Infrastructures,9341414408192.0
DGIK,Infrastructures,735155912704.0
EXCL,Infrastructures,51486608326656.0
GOLD,Infrastructures,406173777920.0
HADE,Infrastructures,57239998464.0
IBST,Infrastructures,6659961257984.0
ISAT,Infrastructures,71596802834432.0
JKON,Infrastructures,1353607151616.0
JSMR,Infrastructures,27579910193152.0
KARW,Infrastructures,165577064448.0
KBLV,Infrastructures,259583016960.0
LINK,Infrastructures,7649394950144.0
META,Infrastructures,4123410563072.0
NRCA,Infrastructures,2055771389952.0
PTPP,Infrastructures,2239093538816.0
SSIA,Infrastructures,6963768852480.0
SUPR,Infrastructures,49882865860608.0
TBIG,Infrastructures,40152005083136.0
TLKM,Infrastructures,352661509505024.0
TOTL,Infrastructures,3665749868544.0
TOWR,Infrastructures,31026504007680.0
WIKA,Infrastructures,8133880578048.0
WSKT,Infrastructures,5818974994432.0
IDPR,Infrastructures,560840048640.0
MTRA,Infrastructures,187879997440.0
OASA,Infrastructures,2653137928192.0
POWR,Infrastructures,11080962146304.0
PBSA,Infrastructures,4440000036864.0
PORT,Infrastructures,2785802715136.0
TGRA,Infrastructures,74250002432.0
TOPS,Infrastructures,33329999872.0
MPOW,Infrastructures,88235679744.0
GMFI,Infrastructures,8863303598080.0
PPRE,Infrastructures,2124404621312.0
WEGE,Infrastructures,622179975168.0
MORA,Infrastructures,162570853941248.0
IPCM,Infrastructures,1772995215360.0
LCKM,Infrastructures,236000002048.0
GHON,Infrastructures,989999988736.0
IPCC,Infrastructures,2391175856128.0
MTPS,Infrastructures,168872919040.0
JAST,Infrastructures,114753028096.0
KEEN,Infrastructures,3904622821376.0
PTPW,Infrastructures,856232820736.0
TAMA,Infrastructures,66000035840.0
RONY,Infrastructures,4074999906304.0
PTDU,Infrastructures,103499997184.0
KETR,Infrastructures,1946265059328.0
FIMP,Infrastructures,27600066560.0
MTEL,Infrastructures,45540024778752.0
SMKM,Infrastructures,170407985152.0
ARKO,Infrastructures,21890500395008.0
KRYA,Infrastructures,151418847232.0
PGEO,Infrastructures,50387998474240.0
BDKR,Infrastructures,812717441024.0
INET,Infrastructures,8383052644352.0
BREN,Infrastructures,1097047054745600.0
KOKA,Infrastructures,715333238784.0
ASLI,Infrastructures,2612499841024.0
DATA,Infrastructures,5238750183424.0
HGII,Infrastructures,994499952640.0
CDIA,Infrastructures,146050362900480.0
MANG,Infrastructures,224941604864.0
ABBA,Consumer Cyclicals,196794630144.0
ACES,Consumer Cyclicals,6894300168192.0
AKKU,Consumer Cyclicals,245079621632.0
ARGO,Consumer Cyclicals,3745720041472.0
ARTA,Consumer Cyclicals,1170286313472.0
AUTO,Consumer Cyclicals,12772292165632.0
BATA,Consumer Cyclicals,83200000000.0
BAYU,Consumer Cyclicals,476848029696.0
BIMA,Consumer Cyclicals,49870409728.0
BLTZ,Consumer Cyclicals,2359630233600.0
BMTR,Consumer Cyclicals,2338409152512.0
BOLT,Consumer Cyclicals,2554687389696.0
BRAM,Consumer Cyclicals,2110767235072.0
BUVA,Consumer Cyclicals,31756000428032.0
CINT,Consumer Cyclicals,211999997952.0
CNTX,Consumer Cyclicals,28400001024.0
CSAP,Consumer Cyclicals,1829982306304.0
ECII,Consumer Cyclicals,294001377280.0
ERAA,Consumer Cyclicals,6723764486144.0
ERTX,Consumer Cyclicals,326781108224.0
ESTI,Consumer Cyclicals,439315496960.0
FAST,Consumer Cyclicals,2133629992960.0
FORU,Consumer Cyclicals,795533049856.0
GDYR,Consumer Cyclicals,451000008704.0
GEMA,Consumer Cyclicals,147200000000.0
GJTL,Consumer Cyclicals,3745739177984.0
GLOB,Consumer Cyclicals,172222349312.0
GWSA,Consumer Cyclicals,1396335968256.0
HOME,Consumer Cyclicals,1110610018304.0
HOTL,Consumer Cyclicals,177500012544.0
IIKP,Consumer Cyclicals,1680000024576.0
IMAS,Consumer Cyclicals,4393720086528.0
INDR,Consumer Cyclicals,2074294878208.0
INDS,Consumer Cyclicals,11648432603136.0
JIHD,Consumer Cyclicals,1572102209536.0
JSPT,Consumer Cyclicals,5611340693504.0
KICI,Consumer Cyclicals,61824000000.0
KPIG,Consumer Cyclicals,16176924065792.0
LMPI,Consumer Cyclicals,188592816128.0
LPIN,Consumer Cyclicals,188700000256.0
LPPF,Consumer Cyclicals,2205867573248.0
MAPI,Consumer Cyclicals,21497001279488.0
MASA,Consumer Cyclicals,
MDIA,Consumer Cyclicals,2039207952384.0
MGNA,Consumer Cyclicals,610562867200.0
MICE,Consumer Cyclicals,328506703872.0
MNCN,Consumer Cyclicals,3174518751232.0
MPMX,Consumer Cyclicals,4467420299264.0
MSKY,Consumer Cyclicals,797748166656.0
MYTX,Consumer Cyclicals,426100490240.0
PANR,Consumer Cyclicals,853312536576.0
PBRX,Consumer Cyclicals,902245253120.0
PDES,Consumer Cyclicals,378949992448.0
PGLI,Consumer Cyclicals,107360002048.0
PJAA,Consumer Cyclicals,879999975424.0
PNSE,Consumer Cyclicals,574425726976.0
POLY,Consumer Cyclicals,84855619584.0
PSKT,Consumer Cyclicals,2629212831744.0
PTSP,Consumer Cyclicals,218599915520.0
RALS,Consumer Cyclicals,2835143983104.0
RICY,Consumer Cyclicals,58396291072.0
SCMA,Consumer Cyclicals,19547952250880.0
SHID,Consumer Cyclicals,962620555264.0
SMSM,Consumer Cyclicals,10365616259072.0
SONA,Consumer Cyclicals,1503648022528.0
SRIL,Consumer Cyclicals,2986021224448.0
SSTM,Consumer Cyclicals,1773927399424.0
TELE,Consumer Cyclicals,65798365184.0
TFCO,Consumer Cyclicals,3761999446016.0
TMPO,Consumer Cyclicals,156633317376.0
TRIO,Consumer Cyclicals,
TRIS,Consumer Cyclicals,605982031872.0
UNIT,Consumer Cyclicals,23833415680.0
VIVA,Consumer Cyclicals,675035086848.0
JGLE,Consumer Cyclicals,835530653696.0
MARI,Consumer Cyclicals,178589892608.0
MKNT,Consumer Cyclicals,5500000256.0
BOGA,Consumer Cyclicals,5762341928960.0
CARS,Consumer Cyclicals,1380000071680.0
MINA,Consumer Cyclicals,3051562467328.0
MAPB,Consumer Cyclicals,3725159825408.0
WOOD,Consumer Cyclicals,2104689557504.0
HRTA,Consumer Cyclicals,12203945099264.0
MABA,Consumer Cyclicals,768259981312.0
BELL,Consumer Cyclicals,1031377584128.0
DFAM,Consumer Cyclicals,212783513600.0
PZZA,Consumer Cyclicals,637163995136.0
MSIN,Consumer Cyclicals,28275099303936.0
MAPA,Consumer Cyclicals,18812640428032.0
NUSA,Consumer Cyclicals,384999981056.0
FILM,Consumer Cyclicals,73218882797568.0
DIGI,Consumer Cyclicals,61749997568.0
DUCK,Consumer Cyclicals,225866088448.0
YELO,Consumer Cyclicals,183626334208.0
SOTS,Consumer Cyclicals,2280008974336.0
ZONE,Consumer Cyclicals,424643657728.0
CLAY,Consumer Cyclicals,7041799684096.0
NATO,Consumer Cyclicals,5800805793792.0
HRME,Consumer Cyclicals,321772519424.0
FITT,Consumer Cyclicals,1095588511744.0
BOLA,Consumer Cyclicals,1055999983616.0
POLU,Consumer Cyclicals,14850000420864.0
IPTV,Consumer Cyclicals,2025501622272.0
EAST,Consumer Cyclicals,379629305856.0
KOTA,Consumer Cyclicals,643317301248.0
INOV,Consumer Cyclicals,300164841472.0
SLIS,Consumer Cyclicals,214310420480.0
PMJS,Consumer Cyclicals,1650672009216.0
SBAT,Consumer Cyclicals,4752982528.0
CBMF,Consumer Cyclicals,93750001664.0
CSMI,Consumer Cyclicals,116696793088.0
SOFA,Consumer Cyclicals,790408593408.0
TOYS,Consumer Cyclicals,11480005632.0
SCNP,Consumer Cyclicals,480000016384.0
PLAN,Consumer Cyclicals,76220309504.0
UFOE,Consumer Cyclicals,507195817984.0
SNLK,Consumer Cyclicals,162900000768.0
LFLO,Consumer Cyclicals,725792849920.0
LUCY,Consumer Cyclicals,2628132798464.0
MGLV,Consumer Cyclicals,5905138581504.0
IDEA,Consumer Cyclicals,146616369152.0
DEPO,Consumer Cyclicals,1697499971584.0
DRMA,Consumer Cyclicals,4870587809792.0
ASLC,Consumer Cyclicals,1057947451392.0
NETV,Consumer Cyclicals,5045983117312.0
BAUT,Consumer Cyclicals,211208044544.0
ENAK,Consumer Cyclicals,1083333345280.0
BIKE,Consumer Cyclicals,597789376512.0
OLIV,Consumer Cyclicals,104504033280.0
SWID,Consumer Cyclicals,710822592512.0
RAFI,Consumer Cyclicals,115741196288.0
KLIN,Consumer Cyclicals,222280155136.0
TOOL,Consumer Cyclicals,129151279104.0
KDTN,Consumer Cyclicals,1500027944960.0
ZATA,Consumer Cyclicals,1062000001024.0
ISAP,Consumer Cyclicals,152772804608.0
BMBL,Consumer Cyclicals,62834941952.0
FUTR,Consumer Cyclicals,2601136160768.0
HAJJ,Consumer Cyclicals,394927636480.0
TYRE,Consumer Cyclicals,414189223936.0
VKTR,Consumer Cyclicals,39156247953408.0
CNMA,Consumer Cyclicals,9417984573440.0
ERAL,Consumer Cyclicals,2012750020608.0
LMAX,Consumer Cyclicals,104651415552.0
BABY,Consumer Cyclicals,847657500672.0
AEGS,Consumer Cyclicals,70425649152.0
GRPH,Consumer Cyclicals,57000001536.0
UNTD,Consumer Cyclicals,573333307392.0
MEJA,Consumer Cyclicals,245922299904.0
LIVE,Consumer Cyclicals,1148251275264.0
BAIK,Consumer Cyclicals,465767399424.0
SPRE,Consumer Cyclicals,113600004096.0
PART,Consumer Cyclicals,375682760704.0
GOLF,Consumer Cyclicals,4287087509504.0
DOSS,Consumer Cyclicals,294974980096.0
VERN,Consumer Cyclicals,524221317120.0
MDIY,Consumer Cyclicals,23930872004608.0
MERI,Consumer Cyclicals,170448289792.0
PMUI,Consumer Cyclicals,777200009216.0
KAQI,Consumer Cyclicals,174367211520.0
ESTA,Consumer Cyclicals,528727212032.0
RAAM,Consumer Cyclicals,1567132614656.0
DOOH,Consumer Cyclicals,1532300492800.0
ACRO,Consumer Cyclicals,298363715584.0
AALI,Consumer Non-Cyclicals,14435162783744.0
ADES,Consumer Non-Cyclicals,9069663354880.0
AISA,Consumer Non-Cyclicals,525189382144.0
ALTO,Consumer Non-Cyclicals,39453667328.0
AMRT,Consumer Non-Cyclicals,78273690206208.0
ANJT,Consumer Non-Cyclicals,5668555718656.0
BISI,Consumer Non-Cyclicals,2654999937024.0
BTEK,Consumer Non-Cyclicals,971827445760.0
BUDI,Consumer Non-Cyclicals,970561486848.0
BWPT,Consumer Non-Cyclicals,4108152733696.0
CEKA,Consumer Non-Cyclicals,1404200026112.0
CPIN,Consumer Non-Cyclicals,72315178057728.0
CPRO,Consumer Non-Cyclicals,3931777269760.0
DLTA,Consumer Non-Cyclicals,1585304961024.0
DSFI,Consumer Non-Cyclicals,200570634240.0
DSNG,Consumer Non-Cyclicals,14839779950592.0
EPMT,Consumer Non-Cyclicals,6229872082944.0
FISH,Consumer Non-Cyclicals,4632000069632.0
GGRM,Consumer Non-Cyclicals,31025920999424.0
GOLL,Consumer Non-Cyclicals,183249993728.0
GZCO,Consumer Non-Cyclicals,1284000055296.0
HERO,Consumer Non-Cyclicals,1824064405504.0
HMSP,Consumer Non-Cyclicals,97125593513984.0
ICBP,Consumer Non-Cyclicals,95627648172032.0
INDF,Consumer Non-Cyclicals,59487385812992.0
JAWA,Consumer Non-Cyclicals,2856999452672.0
JPFA,Consumer Non-Cyclicals,29650556289024.0
LAPD,Consumer Non-Cyclicals,587019780096.0
LSIP,Consumer Non-Cyclicals,7979357700096.0
MAGP,Consumer Non-Cyclicals,449999962112.0
MAIN,Consumer Non-Cyclicals,1693278011392.0
MBTO,Consumer Non-Cyclicals,167990001664.0
MIDI,Consumer Non-Cyclicals,11100518088704.0
MLBI,Consumer Non-Cyclicals,11904550436864.0
MLPL,Consumer Non-Cyclicals,1873603330048.0
MPPA,Consumer Non-Cyclicals,687231926272.0
MRAT,Consumer Non-Cyclicals,190888001536.0
MYOR,Consumer Non-Cyclicals,51490035073024.0
PSDN,Consumer Non-Cyclicals,175679995904.0
RANC,Consumer Non-Cyclicals,1149898326016.0
ROTI,Consumer Non-Cyclicals,4334188232704.0
SDPC,Consumer Non-Cyclicals,249704005632.0
SGRO,Consumer Non-Cyclicals,14230716678144.0
SIMP,Consumer Non-Cyclicals,8835747020800.0
SIPD,Consumer Non-Cyclicals,2703480061952.0
SKBM,Consumer Non-Cyclicals,1020760883200.0
SKLT,Consumer Non-Cyclicals,1658434486272.0
SMAR,Consumer Non-Cyclicals,16012477988864.0
SSMS,Consumer Non-Cyclicals,16049624842240.0
STTP,Consumer Non-Cyclicals,12936249606144.0
TBLA,Consumer Non-Cyclicals,4024798806016.0
TCID,Consumer Non-Cyclicals,1222485344256.0
TGKA,Consumer Non-Cyclicals,4564909031424.0
ULTJ,Consumer Non-Cyclicals,15909207932928.0
UNSP,Consumer Non-Cyclicals,750048706560.0
UNVR,Consumer Non-Cyclicals,87744999063552.0
WAPO,Consumer Non-Cyclicals,224607092736.0
WICO,Consumer Non-Cyclicals,294426378240.0
WIIM,Consumer Non-Cyclicals,3985484808192.0
DAYA,Consumer Non-Cyclicals,3134608375808.0
DPUM,Consumer Non-Cyclicals,766275354624.0
KINO,Consumer Non-Cyclicals,1695947292672.0
CLEO,Consumer Non-Cyclicals,9695999819776.0
HOKI,Consumer Non-Cyclicals,735509151744.0
CAMP,Consumer Non-Cyclicals,1282929983488.0
PCAR,Consumer Non-Cyclicals,53666668544.0
MGRO,Consumer Non-Cyclicals,2520582193152.0
ANDI,Consumer Non-Cyclicals,271149989888.0
GOOD,Consumer Non-Cyclicals,12833512226816.0
FOOD,Consumer Non-Cyclicals,179399999488.0
BEEF,Consumer Non-Cyclicals,2533517688832.0
COCO,Consumer Non-Cyclicals,1032242266112.0
ITIC,Consumer Non-Cyclicals,308556169216.0
KEJU,Consumer Non-Cyclicals,3318749855744.0
PSGO,Consumer Non-Cyclicals,3996200206336.0
AGAR,Consumer Non-Cyclicals,262000001024.0
UCID,Consumer Non-Cyclicals,1795639345152.0
CSRA,Consumer Non-Cyclicals,2060249989120.0
DMND,Consumer Non-Cyclicals,7290636206080.0
IKAN,Consumer Non-Cyclicals,89999966208.0
PGUN,Consumer Non-Cyclicals,68854185197568.0
PNGO,Consumer Non-Cyclicals,2492187541504.0
KMDS,Consumer Non-Cyclicals,463999991808.0
ENZO,Consumer Non-Cyclicals,201116893184.0
VICI,Consumer Non-Cyclicals,3924179812352.0
PMMP,Consumer Non-Cyclicals,129415004160.0
FAPA,Consumer Non-Cyclicals,21258437656576.0
WMUU,Consumer Non-Cyclicals,841176514560.0
TAPG,Consumer Non-Cyclicals,29282495627264.0
FLMC,Consumer Non-Cyclicals,101562499072.0
OILS,Consumer Non-Cyclicals,92627542016.0
BOBA,Consumer Non-Cyclicals,205723500544.0
CMRY,Consumer Non-Cyclicals,42847289999360.0
TAYS,Consumer Non-Cyclicals,84616839168.0
WMPP,Consumer Non-Cyclicals,353028014080.0
IPPE,Consumer Non-Cyclicals,64399998976.0
NASI,Consumer Non-Cyclicals,146946801664.0
STAA,Consumer Non-Cyclicals,12756946255872.0
NANO,Consumer Non-Cyclicals,205701136384.0
TLDN,Consumer Non-Cyclicals,8544710033408.0
IBOS,Consumer Non-Cyclicals,992092094464.0
ASHA,Consumer Non-Cyclicals,370000003072.0
TRGU,Consumer Non-Cyclicals,1541409996800.0
DEWI,Consumer Non-Cyclicals,266000007168.0
GULA,Consumer Non-Cyclicals,370345410560.0
JARR,Consumer Non-Cyclicals,23261274439680.0
AMMS,Consumer Non-Cyclicals,541059973120.0
EURO,Consumer Non-Cyclicals,1898875584512.0
BUAH,Consumer Non-Cyclicals,1089999994880.0
CRAB,Consumer Non-Cyclicals,475800010752.0
CBUT,Consumer Non-Cyclicals,3109374918656.0
MKTR,Consumer Non-Cyclicals,1640218230784.0
SOUL,Consumer Non-Cyclicals,74694311936.0
BEER,Consumer Non-Cyclicals,695999987712.0
WINE,Consumer Non-Cyclicals,563680051200.0
NAYZ,Consumer Non-Cyclicals,221850992640.0
NSSS,Consumer Non-Cyclicals,21064388182016.0
MAXI,Consumer Non-Cyclicals,490115072000.0
GRPM,Consumer Non-Cyclicals,750943404032.0
TGUK,Consumer Non-Cyclicals,489288925184.0
PTPS,Consumer Non-Cyclicals,418330378240.0
STRK,Consumer Non-Cyclicals,1726215618560.0
UDNG,Consumer Non-Cyclicals,5215119474688.0
AYAM,Consumer Non-Cyclicals,1568000049152.0
ISEA,Consumer Non-Cyclicals,134831292416.0
GUNA,Consumer Non-Cyclicals,580000022528.0
NEST,Consumer Non-Cyclicals,1603874979840.0
BRRC,Consumer Non-Cyclicals,94235500544.0
YUPI,Consumer Non-Cyclicals,13329401643008.0
FORE,Consumer Non-Cyclicals,4369996054528.0
MSJA,Consumer Non-Cyclicals,2352941367296.0
ABMM,Energy,7874051833856.0
ADRO,Energy,64721369694208.0
AIMS,Energy,93720002560.0
AKRA,Energy,25442702589952.0
APEX,Energy,773129699328.0
ARII,Energy,1110000009216.0
ARTI,Energy,15680000000.0
BBRM,Energy,1729816035328.0
BIPI,Energy,10767022686208.0
BSSR,Energy,10256679698432.0
BULL,Energy,6693596954624.0
BUMI,Energy,100260558929920.0
BYAN,Energy,472500022542336.0
CANI,Energy,168354873344.0
CNKO,Energy,564250738688.0
DEWA,Energy,22988401410048.0
DOID,Energy,2324865482752.0
DSSA,Energy,587982029455360.0
ELSA,Energy,5437382459392.0
ENRG,Energy,36884721958912.0
GEMS,Energy,44852943257600.0
GTBO,Energy,629999992832.0
HITS,Energy,823725850624.0
HRUM,Energy,14560646922240.0
IATA,Energy,2595893805056.0
INDY,Energy,18677665628160.0
ITMA,Energy,2167945428992.0
ITMG,Energy,24886598696960.0
KKGI,Energy,1578958585856.0
KOPI,Energy,185472942080.0
LEAD,Energy,980135182336.0
MBAP,Energy,2012726034432.0
MBSS,Energy,3185048551424.0
MEDC,Energy,38999339040768.0
MTFN,Energy,827894136832.0
MYOH,Energy,3077805965312.0
PGAS,Energy,53816149934080.0
PKPK,Energy,2423999954944.0
PTBA,Energy,29361610686464.0
PTIS,Energy,161748598784.0
PTRO,Energy,73880316149760.0
RAJA,Energy,20163183247360.0
RIGS,Energy,462938800128.0
RUIS,Energy,198659997696.0
SMMT,Energy,3630499889152.0
SMRU,Energy,624969973760.0
SOCI,Energy,4553054879744.0
SUGI,Energy,
TOBA,Energy,5904042819584.0
TPMA,Energy,2132852998144.0
TRAM,Energy,2482180194304.0
WINS,Energy,2394893582336.0
SHIP,Energy,10987952406528.0
TAMU,Energy,1274999996416.0
FIRE,Energy,247861018624.0
PSSI,Energy,1843702005760.0
DWGL,Energy,2516767211520.0
BOSS,Energy,70000001024.0
JSKY,Energy,105692078080.0
INPS,Energy,228800004096.0
TCPI,Energy,57124998610944.0
SURE,Energy,4148287766528.0
WOWS,Energy,203009032192.0
TEBE,Energy,1888949895168.0
SGER,Energy,7762280972288.0
UNIQ,Energy,549321998336.0
MCOL,Energy,12337792679936.0
GTSI,Energy,4714104619008.0
RMKE,Energy,18681249660928.0
BSML,Energy,588371525632.0
ADMR,Energy,78698489315328.0
SEMA,Energy,164365582336.0
SICO,Energy,112849641472.0
COAL,Energy,493749993472.0
SUNI,Energy,1987500048384.0
CBRE,Energy,3925428404224.0
HILL,Energy,1370959511552.0
CUAN,Energy,205164480823296.0
MAHA,Energy,2688775094272.0
RMKO,Energy,806250020864.0
HUMI,Energy,4118110797824.0
RGAS,Energy,131331063808.0
ALII,Energy,13293672464384.0
MKAP,Energy,2567499939840.0
ATLA,Energy,340975222784.0
BOAT,Energy,591783919616.0
AADI,Energy,67356613148672.0
RATU,Energy,17444220436480.0
PSAT,Energy,1556470693888.0
BESS,Energy,4851042353152.0
CGAS,Energy,310012313600.0
ATIC,Technology,1504984825856.0
EMTK,Technology,56819468730368.0
KREN,Technology,382289215488.0
LMAS,Technology,39392600064.0
MLPT,Technology,69468751396864.0
MTDL,Technology,6936439816192.0
PTSN,Technology,2146995011584.0
SKYB,Technology,29834999808.0
KIOS,Technology,147393216512.0
MCAS,Technology,446804787200.0
NFCX,Technology,1109540601856.0
DIVA,Technology,200198225920.0
LUCK,Technology,84458455040.0
ENVY,Technology,89999998976.0
HDIT,Technology,106727596032.0
TFAS,Technology,357872435200.0
DMMX,Technology,2235905867776.0
GLVA,Technology,563999997952.0
PGJO,Technology,676480221184.0
CASH,Technology,213237694464.0
TECH,Technology,62815002624.0
WIFI,Technology,13112116772864.0
DCII,Technology,536581169479680.0
EDGE,Technology,9676997525504.0
ZYRX,Technology,205333512192.0
UVCR,Technology,346025066496.0
BUKA,Technology,15266008268800.0
RUNS,Technology,89259114496.0
WGSH,Technology,279389995008.0
WIRG,Technology,990905696256.0
GOTO,Technology,63504870539264.0
AXIO,Technology,712495398912.0
BELI,Technology,59770866237440.0
NINE,Technology,351590973440.0
ELIT,Technology,550520291328.0
IRSX,Technology,3686053183488.0
CHIP,Technology,975260024832.0
TRON,Technology,519200014336.0
JATI,Technology,384977371136.0
CYBR,Technology,9986194276352.0
IOTF,Technology,407352934400.0
MSTI,Technology,4410880032768.0
TOSK,Technology,310644670464.0
MPIX,Technology,128130998272.0
AREA,Technology,1051394768896.0
MENN,Technology,76004753408.0
AWAN,Technology,607995035648.0
DVLA,Healthcare,1847999987712.0
INAF,Healthcare,390507724800.0
KAEF,Healthcare,2950292307968.0
KLBF,Healthcare,49932539002880.0
MERK,Healthcare,1433600000000.0
MIKA,Healthcare,32960730365952.0
PYFA,Healthcare,4674464776192.0
SAME,Healthcare,5798688194560.0
SCPI,Healthcare,
SIDO,Healthcare,15635811663872.0
SILO,Healthcare,34029904592896.0
SRAJ,Healthcare,195823346384896.0
TSPC,Healthcare,12447226265600.0
PRDA,Healthcare,2259375095808.0
PRIM,Healthcare,263508967424.0
HEAL,Healthcare,20513543946240.0
PEHA,Healthcare,246959996928.0
IRRA,Healthcare,618205085696.0
SOHO,Healthcare,37440463044608.0
DGNS,Healthcare,385000013824.0
BMHS,Healthcare,1660459417600.0
RSGK,Healthcare,911081537536.0
MTMH,Healthcare,2182295977984.0
MEDS,Healthcare,123437498368.0
PRAY,Healthcare,10818551808000.0
OMED,Healthcare,5517856473088.0
MMIX,Healthcare,1017690193920.0
PEVE,Healthcare,979921862656.0
HALO,Healthcare,501777203200.0
RSCH,Healthcare,1097099968512.0
IKPM,Healthcare,424534966272.0
SURI,Healthcare,506749976576.0
LABS,Healthcare,576700022784.0
OBAT,Healthcare,226799992832.0
CHEK,Healthcare,588206374912.0
MDLA,Healthcare,3531231723520.0
DKHH,Healthcare,188700016640.0
CARE,Healthcare,15029000732672.0
AMFG,Industrials,1518999961600.0
AMIN,Industrials,282960003072.0
APII,Industrials,215152001024.0
ARNA,Industrials,3773762109440.0
ASGR,Industrials,2313158656000.0
ASII,Industrials,274276074651648.0
BHIT,Industrials,3258167066624.0
BNBR,Industrials,17861932220416.0
CTTH,Industrials,121853140992.0
DYAN,Industrials,376020860928.0
HEXA,Industrials,3746400043008.0
IBFN,Industrials,185114542080.0
ICON,Industrials,89359499264.0
IKAI,Industrials,332645007360.0
IKBI,Industrials,673200013312.0
IMPC,Industrials,121893537447936.0
INDX,Industrials,61307904000.0
INTA,Industrials,414647943168.0
JECC,Industrials,767339986944.0
JTPE,Industrials,4214010675200.0
KBLI,Industrials,1338416562176.0
KBLM,Industrials,378559987712.0
KIAS,Industrials,313511084032.0
KOBX,Industrials,384052494336.0
KOIN,Industrials,79448342528.0
KONI,Industrials,639599968256.0
LION,Industrials,288688799744.0
MDRN,Industrials,511355256832.0
MFMI,Industrials,984855281664.0
MLIA,Industrials,2050650013696.0
SCCO,Industrials,2039387258880.0
TIRA,Industrials,676199989248.0
TOTO,Industrials,2745120063488.0
TRIL,Industrials,
UNTR,Industrials,104414505336832.0
VOKS,Industrials,947477413888.0
ZBRA,Industrials,26710364160.0
MARK,Industrials,3097000148992.0
SPTO,Industrials,1741500055552.0
SKRN,Industrials,3388167946240.0
CAKK,Industrials,209374232576.0
SOSS,Industrials,651522605056.0
CCSI,Industrials,426666688512.0
BLUE,Industrials,2842400129024.0
ARKA,Industrials,71999995904.0
SINI,Industrials,7190950182912.0
HOPE,Industrials,617804464128.0
LABA,Industrials,139028709376.0
GPSO,Industrials,343371677696.0
KUAS,Industrials,120231165952.0
BINO,Industrials,286689853440.0
NTBK,Industrials,251106017280.0
PADA,Industrials,680399994880.0
KING,Industrials,520528232448.0
PTMP,Industrials,240859217920.0
SMIL,Industrials,2485473771520.0
CRSN,Industrials,355716005888.0
WIDI,Industrials,60801204224.0
FOLK,Industrials,2408366473216.0
MUTU,Industrials,348867526656.0
HYGN,Industrials,360819916800.0
VISI,Industrials,2521499959296.0
MHKI,Industrials,900000055296.0
NAIK,Industrials,359356891136.0
PIPA,Industrials,733184786432.0
